"Fterm","classlvl.x","cnt.x","1.x","2.x","3.x","4.x","g-p.x","master.x","Phd.x","spcl.x","new.x","cnt.y.x","1.y","2.y","3.y","4.y","g-p.y","master.y","Phd.y","spcl.y","new.y","cnt.y.y","FTDCU","Grad","Transfer"
1004,"1",9141,0.733617766108741,0.209605076031069,0.000546986106552894,0.000109397221310579,0,0,0,0,309,7026,0.239681184173071,0.666666666666667,0.00128095644748079,0.000142328494164532,0,0,0,0,7260,8969,6824,1549,1766
1004,"2",7720,0.000906735751295337,0.651554404145078,0.293782383419689,0,0,0.000129533678756477,0.000129533678756477,0,313,7264,0.000412995594713656,0.30988436123348,0.60875550660793,0.00137665198237885,0.000275330396475771,0,0,0,1193,8136,6824,1549,1766
1004,"3",8617,0,0.000348149007775328,0.661367065103864,0.303121736103052,0,0,0,0,326,8310,0.000120336943441637,0,0.412635379061372,0.532851985559567,0.00228640192539109,0.000240673886883273,0,0,713,8583,6824,1549,1766
1004,"4",8546,0.000234027615258601,0,0.000585069038146501,0.771238006084718,0,0.0106482564942663,0.000702082845775802,0,309,9529,0,0,0.000734599643194459,0.438765872599433,0.00703116801343268,0.0714660510022038,0.000944485255535733,0,248,8883,6824,1549,1766
1004,"g-p",1367,0,0,0,0.00365764447695684,0.98902706656913,0,0,0,4,1356,0,0,0,0.000737463126843658,0.771386430678466,0.00147492625368732,0.000737463126843658,0,238,1378,6824,1549,1766
1004,"master",4906,0,0,0.000203832042397065,0.00183448838157358,0,0.790052996331023,0.0118222584590298,0,867,4856,0,0,0,0.00226523887973641,0.000823723228995058,0.561367380560132,0.0296540362438221,0,1697,5141,6824,1549,1766
1004,"Phd",2751,0,0,0,0,0,0.00617957106506725,0.90948745910578,0,144,2711,0,0,0,0,0.000737735153080044,0.00959055699004058,0.812984138694209,0,476,2834,6824,1549,1766
1004,"spcl",318,0.00628930817610063,0.00628930817610063,0.0188679245283019,0.00628930817610063,0,0.0125786163522013,0,0.449685534591195,160,303,0.0693069306930693,0.0264026402640264,0.0099009900990099,0.0099009900990099,0,0.0231023102310231,0,0.214521452145215,238,303,6824,1549,1766
1014,"1",8969,0.73174266919389,0.213178726725387,0.00033448544988293,0,0,0.000111495149960977,0,0,345,6918,0.231280716970223,0.680688060132986,0.00173460537727667,0,0,0,0,0,7235,8860,6767,1564,1874
1014,"2",8136,0.000614552605703048,0.655113077679449,0.291666666666667,0,0,0,0,0,344,7590,0,0.290250329380764,0.634782608695652,0.000658761528326746,0.000658761528326746,0,0,0.000131752305665349,1071,7986,6767,1564,1874
1014,"3",8583,0.00011650937900501,0,0.672608644995922,0.300361179074916,0,0,0,0,308,8462,0,0,0.405223351453557,0.545024816828173,0.00153627983928149,0.000118175372252423,0,0,666,8938,6767,1564,1874
1014,"4",8883,0,0.000112574580659687,0.000337723741979061,0.788697512101767,0,0.00821794438815715,0,0,294,9889,0.00010112245929821,0,0.000606734755789261,0.429568207098797,0.00637071493578724,0.0754373546364648,0.00182020426736778,0.00020224491859642,236,9118,6767,1564,1874
1014,"g-p",1378,0,0,0,0,0.990566037735849,0,0,0,6,1371,0,0,0,0,0.757111597374179,0,0,0,261,1391,6767,1564,1874
1014,"master",5141,0.000194514685858782,0,0.000194514685858782,0.00155611748687026,0,0.786811904298775,0.0103092783505155,0,950,5100,0,0,0,0.00156862745098039,0.00156862745098039,0.576470588235294,0.0264705882352941,0,1674,5395,6767,1564,1874
1014,"Phd",2834,0,0,0,0,0,0.00917431192660551,0.903316866619619,0,158,2771,0,0,0,0,0.000721761097076868,0.00757849151930711,0.82713821725009,0,507,2954,6767,1564,1874
1014,"spcl",303,0.0099009900990099,0.0099009900990099,0.0033003300330033,0.0099009900990099,0,0.0165016501650165,0,0.518151815181518,149,306,0.0784313725490196,0.00980392156862745,0.0228758169934641,0.0294117647058824,0.00326797385620915,0.042483660130719,0.0065359477124183,0.245098039215686,217,295,6767,1564,1874
1024,"1",8860,0.74548532731377,0.202708803611738,0.000451467268623025,0,0,0,0,0,227,6841,0.204940798128929,0.70662183891244,0.00102324221605029,0,0.000146177459435755,0,0,0,7286,8706,6886,1690,1632
1024,"2",7986,0.000751314800901578,0.6587778612572,0.29351364888555,0,0,0,0,0,312,7371,0.000542667209333876,0.267806267806268,0.652150318816985,0.00122100122100122,0.000407000407000407,0,0,0,1080,7895,6886,1690,1632
1024,"3",8938,0,0.000111881852763482,0.670731707317073,0.296151264264936,0,0,0,0,266,8612,0.00011611704598235,0.0002322340919647,0.388411518810961,0.56967022758941,0.0016256386437529,0,0,0,601,8770,6886,1690,1632
1024,"4",9118,0.000109673173941654,0,0.000219346347883308,0.778898881333626,0,0.005703005044966,0.000109673173941654,0,296,10060,9.9403578528827e-05,0,0.000298210735586481,0.404473161033797,0.00646123260437376,0.0743538767395626,0.00119284294234592,0,251,9246,6886,1690,1632
1024,"g-p",1391,0,0,0,0.00215672178289001,0.98274622573688,0.00143781452192667,0,0,2,1369,0,0,0,0,0.739225712198685,0.00219138056975895,0.000730460189919649,0,275,1380,6886,1690,1632
1024,"master",5395,0,0,0,0.0020389249304912,0,0.799629286376274,0.00982391102873031,0.000185356811862836,956,5357,0.000186671644577189,0,0.000373343289154377,0.00149337315661751,0.00112002986746313,0.552174724659324,0.0255740153070749,0.000186671644577189,1562,5309,6886,1690,1632
1024,"Phd",2954,0,0,0,0,0,0.0104942450914015,0.902843601895735,0,142,2864,0,0,0,0,0.00104748603351955,0.0111731843575419,0.82018156424581,0,500,3000,6886,1690,1632
1024,"spcl",295,0.00677966101694915,0.00338983050847458,0.00338983050847458,0.00338983050847458,0,0.00677966101694915,0.00338983050847458,0.528813559322034,130,287,0.0383275261324042,0.0174216027874564,0.0174216027874564,0.0104529616724739,0.00348432055749129,0.0209059233449477,0.00348432055749129,0.18815331010453,181,236,6886,1690,1632
1034,"1",8706,0.749827705031013,0.195037904893177,0.000344589937973811,0,0,0,0,0,235,6774,0.20947741364039,0.707558311189843,0.00250959551225273,0.000147623265426631,0.000147623265426631,0,0,0,7786,9228,6849,1605,1645
1034,"2",7895,0.000759974667511083,0.671437618746042,0.282963901203293,0.000253324889170361,0,0,0,0,285,7286,0.000137249519626681,0.253774361789734,0.673757891847379,0.00150974471589349,0.000411748558880044,0,0,0,1096,7752,6849,1605,1645
1034,"3",8770,0.000114025085518814,0.000114025085518814,0.673204104903079,0.295781071835804,0,0,0,0,292,8441,0.00011846937566639,0.00023693875133278,0.393436796588082,0.568889941950006,0.00106622438099751,0.00011846937566639,0,0,625,8887,6849,1605,1645
1034,"4",9246,0.000216309755569976,0,0.00054077438892494,0.788773523685918,0,0.00789530607830413,0.000108154877784988,0,308,10205,0.000293973542381186,0,0.0006859382655561,0.408231259186673,0.00734933855952964,0.0670259676629103,0.0013718765311122,0,252,9240,6849,1605,1645
1034,"g-p",1380,0,0,0,0,0.98695652173913,0.00217391304347826,0,0,3,1366,0,0,0,0,0.74597364568082,0,0.00146412884333821,0,263,1388,6849,1605,1645
1034,"master",5309,0,0,0,0.00113015633829346,0.000188359389715577,0.779054435863628,0.00772273497833867,0,899,5130,0,0.000389863547758285,0.000194931773879142,0.00155945419103314,0.00272904483430799,0.531578947368421,0.0230019493177388,0,1491,4941,6849,1605,1645
1034,"Phd",3000,0,0,0,0,0,0.00566666666666667,0.919333333333333,0,138,2939,0,0,0,0,0.00102075535896563,0.0105478053759782,0.83327662470228,0,514,3099,6849,1605,1645
1034,"spcl",236,0.00847457627118644,0.00423728813559322,0.0127118644067797,0.00847457627118644,0,0.00847457627118644,0.00423728813559322,0.466101694915254,146,256,0.0703125,0.0390625,0.02734375,0,0.00390625,0.02734375,0.0078125,0.23046875,242,301,6849,1605,1645
1044,"1",9228,0.768097095795405,0.18628088426528,0.000650195058517555,0,0,0.000108365843086259,0,0,262,7358,0.217178581136178,0.699782549605871,0.00176678445229682,0.000407719488991574,0,0,0,0.000135906496330525,7579,9196,7362,1510,1682
1044,"2",7752,0.000773993808049536,0.685887512899897,0.273606811145511,0.000128998968008256,0,0,0,0,242,7282,0.000274649821477616,0.246360889865422,0.679895633067839,0.00123592419664927,0,0,0,0.000137324910738808,977,7927,7362,1510,1682
1044,"3",8887,0,0.000337571733993474,0.676268707100259,0.292224597727017,0,0,0,0,274,8421,0,0,0.375489846811543,0.586153663460397,0.000593753710960693,0.000118750742192139,0,0,592,8732,7362,1510,1682
1044,"4",9240,0,0,0.000649350649350649,0.792965367965368,0,0.00898268398268398,0.000108225108225108,0.000108225108225108,276,10206,0,0,0.000195963158926122,0.416323731138546,0.00872036057221242,0.069174995100921,0.00166568685087204,0,256,9475,7362,1510,1682
1044,"g-p",1388,0,0,0,0,0.989913544668588,0.00144092219020173,0,0,8,1384,0,0,0,0,0.773843930635838,0,0,0,318,1492,7362,1510,1682
1044,"master",4941,0,0,0,0.00101194090265129,0.000404776361060514,0.775956284153005,0.00769075086014977,0,834,4785,0.000208986415882968,0.000208986415882968,0,0.00459770114942529,0.00167189132706374,0.542319749216301,0.0238244514106583,0,1484,4816,7362,1510,1682
1044,"Phd",3099,0,0,0,0,0,0.00968054211035818,0.919328815747015,0,120,3008,0,0,0,0,0.000332446808510638,0.00930851063829787,0.825132978723404,0,564,3180,7362,1510,1682
1044,"spcl",301,0.00664451827242525,0.00332225913621262,0.0132890365448505,0,0,0.00332225913621262,0,0.408637873754153,183,307,0.0521172638436482,0.0195439739413681,0.0390879478827362,0,0,0.00651465798045603,0.00977198697068404,0.234527687296417,274,348,7362,1510,1682
1054,"1",9196,0.744562853414528,0.203131796433232,0.000543714658547194,0.000108742931709439,0,0,0,0,399,7257,0.214827063524873,0.702631941573653,0.00220476781038997,0,0,0,0,0.000137797988149373,7587,9175,7266,1623,1511
1054,"2",7927,0.000378453387157815,0.691308187208275,0.266305033430049,0.000126151129052605,0,0,0,0,195,7546,0.000265041081367612,0.260270341902995,0.681553140736814,0.00066260270341903,0.000132520540683806,0,0,0,1001,8071,7266,1623,1511
1054,"3",8732,0,0.000229042601923958,0.678309665597801,0.294205222171324,0,0,0,0,208,8259,0,0.000121080033902409,0.369294103402349,0.596077006901562,0.000847560237316866,0,0,0,520,8743,7266,1623,1511
1054,"4",9475,0.000105540897097625,0,0.000633245382585752,0.797255936675462,0,0.00696569920844327,0.000527704485488127,0,268,10402,0.000192270717169775,0,0.00038454143433955,0.412612959046337,0.00807537012113055,0.0714285714285714,0.0007690828686791,0,282,9532,7266,1623,1511
1054,"g-p",1492,0,0,0,0.000670241286863271,0.989276139410188,0.000670241286863271,0,0,2,1480,0,0,0,0.000675675675675676,0.90472972972973,0.000675675675675676,0.000675675675675676,0,157,1600,7266,1623,1511
1054,"master",4816,0,0,0,0.00124584717607973,0.000415282392026578,0.781353820598007,0.00581395348837209,0,785,4635,0.000215749730312837,0,0,0.00517799352750809,0.0017259978425027,0.544336569579288,0.0230852211434736,0,1567,4884,7266,1623,1511
1054,"Phd",3180,0,0,0,0,0,0.00628930817610063,0.911320754716981,0,119,3050,0,0,0,0,0.000655737704918033,0.0134426229508197,0.832459016393443,0,558,3215,7266,1623,1511
1054,"spcl",348,0.0201149425287356,0.0028735632183908,0.0172413793103448,0.00574712643678161,0,0,0,0.350574712643678,209,331,0.0725075528700906,0.0181268882175227,0.0302114803625378,0.0151057401812689,0.00604229607250755,0.027190332326284,0.00604229607250755,0.226586102719033,224,300,7266,1623,1511
1064,"1",9175,0.73700272479564,0.211008174386921,0.000871934604904632,0,0,0,0,0,454,7224,0.195459579180509,0.733527131782946,0.00152270210409745,0,0,0.000138427464008859,0,0,7662,9111,7210,1678,1480
1064,"2",8071,0.000495601536364763,0.676743897906083,0.282245074959732,0.000123900384091191,0,0,0,0,195,7594,0.000526731630234396,0.263892546747432,0.674743218330261,0.00118514616802739,0,0,0,0,931,8246,7210,1678,1480
1064,"3",8743,0.000114377216058561,0,0.68683518243166,0.285142399633993,0,0,0,0,201,8497,0,0,0.37566199835236,0.593032835118277,0.00082382017182535,0.0002353771919501,0,0,517,8856,7210,1678,1480
1064,"4",9532,0,0,0.000314729332773815,0.79951741502308,0,0.00618967687788502,0,0,292,10409,0.000192141416082237,0,0.000288212124123355,0.40897300413104,0.0100874243443174,0.0662887885483716,0.00182534345278125,0,240,9559,7210,1678,1480
1064,"g-p",1600,0,0,0,0,0.991875,0.001875,0,0,3,1590,0,0,0,0,0.873584905660377,0.000628930817610063,0,0,192,1708,7210,1678,1480
1064,"master",4884,0,0,0,0.00040950040950041,0,0.77027027027027,0.00593775593775594,0.000204750204750205,871,4712,0.000212224108658744,0,0,0.00297113752122241,0.00275891341256367,0.568336162988115,0.0199490662139219,0.000212224108658744,1633,5049,7210,1678,1480
1064,"Phd",3215,0,0,0,0,0,0.00404354587869362,0.920684292379471,0,112,3101,0,0,0,0,0.000322476620445018,0.00999677523379555,0.832957110609481,0,520,3216,7210,1678,1480
1064,"spcl",300,0.01,0.00333333333333333,0.00666666666666667,0,0,0.0133333333333333,0,0.493333333333333,125,274,0.109489051094891,0.0437956204379562,0.0328467153284672,0,0.00364963503649635,0.0474452554744526,0,0.251824817518248,230,300,7210,1678,1480
1074,"1",9111,0.751399407309845,0.196356053122599,0.00032927230819888,0.000109757436066293,0,0,0,0,373,7233,0.215816397068989,0.70897276372183,0.00179731784874879,0,0,0,0,0,7637,9229,7318,1634,1401
1074,"2",8246,0.000363812757700703,0.681421295173417,0.282682512733447,0.000121270919233568,0,0,0,0,222,7631,0.000524177696239025,0.244922028567684,0.695190669637007,0.000524177696239025,0,0,0,0,1074,8079,7318,1634,1401
1074,"3",8856,0,0,0.681007226738934,0.290989159891599,0,0,0,0,179,8549,0.000350918236051,0.000116972745350333,0.368932038834951,0.599719265411159,0.000818809217452334,0.000233945490700667,0,0,501,8978,7318,1634,1401
1074,"4",9559,0.000104613453290093,0,0.000313840359870279,0.798932942776441,0,0.00742755518359661,0.000104613453290093,0,290,10510,9.51474785918173e-05,0,0.000190294957183635,0.40837297811608,0.009895337773549,0.0716460513796384,0.00161750713606089,0,254,9700,7318,1634,1401
1074,"g-p",1708,0,0,0,0,0.986533957845433,0.00234192037470726,0,0,9,1696,0,0,0,0.00117924528301887,0.893278301886792,0,0,0,191,1822,7318,1634,1401
1074,"master",5049,0.000198059021588433,0,0,0.000792236086353733,0.000396118043176867,0.76866706278471,0.00732818379877203,0,845,4820,0.0004149377593361,0,0,0.0033195020746888,0.00103734439834025,0.564315352697095,0.0217842323651452,0.00020746887966805,1647,5151,7318,1634,1401
1074,"Phd",3216,0,0,0,0,0,0.00342039800995025,0.922885572139303,0,107,3114,0,0,0,0,0,0.00770712909441233,0.851637764932563,0,560,3338,7318,1634,1401
1074,"spcl",300,0.03,0.00333333333333333,0.00666666666666667,0,0,0.0266666666666667,0.00333333333333333,0.373333333333333,119,231,0.0909090909090909,0.0303030303030303,0.012987012987013,0.0216450216450216,0,0.0216450216450216,0.0173160173160173,0.510822510822511,232,351,7318,1634,1401
1084,"1",9229,0.74406761295915,0.207498103803229,0.000325062303608192,0,0,0,0,0.000108354101202731,281,7161,0.217567378857701,0.710375645859517,0.0023739701159056,0,0,0,0,0,7598,9194,7337,1737,1473
1084,"2",8079,0.000371333085777943,0.679787102364154,0.278499814333457,0.000495110781037257,0,0.000123777695259314,0,0,194,7605,0.000262984878369494,0.25180802103879,0.68836291913215,0.00144641683103222,0,0.000131492439184747,0,0.000131492439184747,1006,8021,7337,1737,1473
1084,"3",8978,0,0.000111383381599465,0.683448429494319,0.292047226553798,0,0,0,0,192,8582,0.000233045910044279,0.000349568865066418,0.363085527848986,0.609881146585877,0.000815660685154976,0,0,0,501,8878,7337,1737,1473
1084,"4",9700,0.000206185567010309,0,0,0.81319587628866,0.000103092783505155,0.00494845360824742,0.000309278350515464,0,259,10780,0.000185528756957328,0,9.27643784786642e-05,0.427736549165121,0.0098330241187384,0.0701298701298701,0.0012987012987013,0,260,10131,7337,1737,1473
1084,"g-p",1822,0,0,0,0,0.991218441273326,0,0.000548847420417124,0,8,1818,0,0,0,0,0.923542354235424,0.00165016501650165,0.00055005500550055,0,188,1993,7337,1737,1473
1084,"master",5151,0,0.0001941370607649,0.0001941370607649,0.0011648223645894,0.0005824111822947,0.780430984274898,0.0071830712483013,0.0001941370607649,838,4924,0.000203086921202275,0.000203086921202275,0.000203086921202275,0.00284321689683184,0.00182778229082047,0.598903330625508,0.0213241267262388,0,1662,5406,7337,1737,1473
1084,"Phd",3338,0,0,0,0.000299580587177951,0,0.00419412822049131,0.919712402636309,0,119,3230,0,0,0,0,0.00123839009287926,0.00897832817337461,0.835913312693498,0,567,3390,7337,1737,1473
1084,"spcl",351,0.0227920227920228,0.0056980056980057,0,0,0,0.00854700854700855,0,0.290598290598291,218,322,0.0962732919254658,0.0279503105590062,0.0217391304347826,0.0031055900621118,0,0.0186335403726708,0.0093167701863354,0.152173913043478,215,265,7337,1737,1473
1094,"1",9194,0.730802697411355,0.214705242549489,0.000435066347618012,0,0,0.000108766586904503,0,0,241,6973,0.229599885271763,0.687939194034132,0.00172092356231177,0.000573641187437258,0.000143410296859315,0,0,0,7463,9110,7209,1801,1546
1094,"2",8021,0.000124672734073058,0.660890163321282,0.304450816606408,0.000498690936292233,0,0,0,0,177,7455,0.000670690811535882,0.260764587525151,0.677800134138162,0.000536552649228706,0,0,0,0,986,7734,7209,1801,1546
1094,"3",8878,0.000112637981527371,0.000112637981527371,0.681121874296013,0.293534579860329,0,0,0,0,162,8659,0.000115486776764061,0,0.376602379027601,0.594063979674327,0.000230973553528121,0,0,0,536,8872,7209,1801,1546
1094,"4",10131,9.87069390978186e-05,0,0.000197413878195637,0.804165432829928,0,0.00631724410226039,9.87069390978186e-05,0,239,11003,0.000272652912841952,0,9.08843042806507e-05,0.416431882213942,0.011451422339362,0.0648913932563846,0.00163591747705171,0,299,10049,7209,1801,1546
1094,"g-p",1993,0,0,0,0.000501756146512795,0.993978926241846,0,0,0,9,1992,0,0,0,0,0.903614457831325,0.00251004016064257,0.00100401606425703,0,233,2175,7209,1801,1546
1094,"master",5406,0,0,0,0.00110987791342952,0.000184979652238254,0.811505734369219,0.00684424713281539,0,903,5378,0.000371885459278542,0,0.000185942729639271,0.00278914094458907,0.00241725548531052,0.593157307549275,0.0189661584232057,0,1576,5514,7209,1801,1546
1094,"Phd",3390,0,0.000294985250737463,0,0,0.000294985250737463,0.00530973451327434,0.923008849557522,0,121,3289,0,0,0,0,0,0.00577683186378839,0.856795378534509,0,444,3384,7209,1801,1546
1094,"spcl",265,0.0377358490566038,0.00377358490566038,0.00754716981132075,0,0,0.0188679245283019,0.00377358490566038,0.418867924528302,117,228,0.153508771929825,0.0307017543859649,0.0350877192982456,0.0043859649122807,0,0.043859649122807,0,0.315789473684211,221,293,7209,1801,1546
1104,"1",9110,0.730296377607025,0.211635565312843,0.00834248079034029,0.000109769484083425,0,0,0,0,409,7073,0.237098826523399,0.682030255902729,0.00226212356849993,0,0,0.000282765446062491,0,0,7993,9713,7174,1648,1448
1104,"2",7734,0.000258598396689941,0.662011895526248,0.297517455391777,0.000517196793379881,0,0,0,0,222,7273,0.000137494843943352,0.260002749896879,0.677574590952839,0.000962463907603465,0,0.000137494843943352,0,0,1062,7782,7174,1648,1448
1104,"3",8872,0,0,0.674706943192065,0.298016230838593,0,0,0,0,238,8602,0.000232504068821204,0,0.35142990002325,0.614624505928854,0.000930016275284817,0,0,0,636,8604,7174,1648,1448
1104,"4",10049,0,0,9.95123892924669e-05,0.815603542641059,0,0.00497561946462335,0,0,251,11101,9.00819745968832e-05,0,9.00819745968832e-05,0.415548148815422,0.0090982794342852,0.0680118908206468,0.00117106566975948,0,257,10177,7174,1648,1448
1104,"g-p",2175,0,0,0,0,0.990344827586207,0.00137931034482759,0,0,6,2161,0,0,0,0.000462748727441,0.905599259602036,0.00462748727441,0,0,234,2322,7174,1648,1448
1104,"master",5514,0,0,0,0.000906782734856728,0.000181356546971346,0.819550235763511,0.00689154878491114,0,840,5437,0.000183924958616884,0,0,0.00202317454478573,0.0034945742137208,0.601434614677212,0.0180246459444547,0,1514,5569,7174,1648,1448
1104,"Phd",3384,0,0,0,0,0,0.00591016548463357,0.92789598108747,0,97,3275,0,0,0,0.000305343511450382,0.000610687022900763,0.00427480916030534,0.833893129770992,0,544,3388,7174,1648,1448
1104,"spcl",293,0.0307167235494881,0.0102389078498294,0,0,0,0.0170648464163823,0,0.457337883959044,117,251,0.151394422310757,0.0199203187250996,0,0,0.00398406374501992,0.0119521912350598,0.00796812749003984,0.51394422310757,270,399,7174,1648,1448
1114,"1",9713,0.74734891382683,0.207248018120045,0.000720683619890868,0.000308864408524658,0,0,0,0,647,7913,0.262984961455832,0.657146467837735,0.00202198913180842,0.000252748641476052,0,0,0,0,8267,10402,7782,1771,1535
1114,"2",7782,0,0.656386533024929,0.305191467489077,0.000128501670521717,0,0,0,0,153,7274,0.000137475941710201,0.264778663733847,0.675144349738796,0.000962331591971405,0,0,0,0,1103,8233,7782,1771,1535
1114,"3",8604,0,0,0.681427243142724,0.290562529056253,0,0,0,0,143,8389,0.000119203719156038,0.000119203719156038,0.372630826081774,0.600667540827274,0.000238407438312075,0.000119203719156038,0,0,594,8652,7782,1771,1535
1114,"4",10177,0,0,0,0.81969146113786,0,0.00677999410435295,0,0,271,11121,0.000359679884902437,0,0,0.404010430716662,0.00764319755417678,0.0694182177861703,0.00215807930941462,0,236,9789,7782,1771,1535
1114,"g-p",2322,0,0,0,0,0.984926787252369,0.00172265288544358,0,0,16,2304,0,0,0,0,0.904079861111111,0.00260416666666667,0.000434027777777778,0,268,2466,7782,1771,1535
1114,"master",5569,0,0,0,0.000538696354821332,0.000179565451607111,0.828874124618423,0.0050278326449991,0,699,5409,0.000184877056757256,0,0,0.00203364762432982,0.00480680347568867,0.586060269920503,0.0199667221297837,0.000554631170271769,1565,5535,7782,1771,1535
1114,"Phd",3388,0,0,0,0.000295159386068477,0,0.00619834710743802,0.925619834710744,0,116,3280,0,0,0,0.000304878048780488,0.000609756097560976,0.00426829268292683,0.836890243902439,0,568,3451,7782,1771,1535
1114,"spcl",399,0.0175438596491228,0,0.0025062656641604,0,0,0,0,0.486215538847118,114,308,0.152597402597403,0.00974025974025974,0.0162337662337662,0,0,0.0227272727272727,0.0162337662337662,0.37987012987013,258,378,7782,1771,1535
1124,"1",10402,0.723130167275524,0.231590078830994,0.000480676792924438,9.61353585848875e-05,0,9.61353585848875e-05,0,0,387,7917,0.240495137046861,0.67361374257926,0.00202096753820892,0.000631552355690287,0,0,0,0,7989,9941,8154,1812,1449
1124,"2",8233,0.000242924814769829,0.661848657840398,0.305842341795214,0.000242924814769829,0,0,0,0,186,8047,0.000248539828507518,0.287560581583199,0.654529638374549,0.000994159314030073,0,0,0,0,1136,8791,8154,1812,1449
1124,"3",8652,0.000115580212667591,0.000346740638002774,0.669440591770689,0.294729542302358,0,0,0,0,185,8503,0.000117605550982006,0.000235211101964013,0.375279313183582,0.595084087968952,0.000470422203928025,0,0,0,609,9087,8154,1812,1449
1124,"4",9789,0,0,0.000102155480641536,0.806006742261722,0,0.00612932883849219,0.000204310961283073,0,236,10682,0,0,9.36154278225052e-05,0.416588653810148,0.00739561879797791,0.063377644635836,0.00168507770080509,0,276,9806,8154,1812,1449
1124,"g-p",2466,0,0,0,0.00040551500405515,0.976885644768856,0.00202757502027575,0,0,13,2426,0,0,0,0,0.885820280296785,0.00329760923330585,0.000412201154163232,0,278,2535,8154,1812,1449
1124,"master",5535,0,0,0,0.0001806684733514,0.000722673893405601,0.824751580849142,0.00632339656729901,0,725,5371,0,0,0,0.00130329547570285,0.0044684416309812,0.593930366784584,0.020666542543288,0.00018618506795755,1443,5355,8154,1812,1449
1124,"Phd",3451,0,0,0,0,0,0.00405679513184584,0.927847000869313,0,87,3327,0,0,0,0,0.000300571085061617,0.00841599038172528,0.835888187556357,0,552,3465,8154,1812,1449
1124,"spcl",378,0.0132275132275132,0,0.00529100529100529,0.00264550264550265,0,0.00264550264550265,0.00264550264550265,0.510582010582011,110,303,0.148514851485149,0.0198019801980198,0.0099009900990099,0,0,0.0297029702970297,0.0066006600660066,0.37953795379538,247,363,8154,1812,1449
1134,"1",9941,0.720450658887436,0.23800422492707,0.000502967508298964,0.000301780504979378,0,0,0,0,495,7675,0.238697068403909,0.688469055374593,0.00130293159609121,0.000390879478827362,0,0,0,0,7890,9752,7842,1740,1513
1134,"2",8791,0.000341258104879991,0.653395518143556,0.311568649755432,0.000227505403253327,0,0,0,0,155,8268,0.000362844702467344,0.265602322206096,0.679366231253024,0.000604741170778907,0,0.000120948234155781,0,0,1266,8753,7842,1740,1513
1134,"3",9087,0.000220094640695499,0.000220094640695499,0.683063717398481,0.284142181137889,0,0,0,0,139,9090,0,0.00011001100110011,0.377667766776678,0.598239823982398,0.00011001100110011,0,0,0,665,9730,7842,1740,1513
1134,"4",9806,0,0,0,0.808484601264532,0,0.00509891902916582,0.000203956761166633,0,226,10743,9.30838685655776e-05,0,9.30838685655776e-05,0.415712557013869,0.00819138043377083,0.0565949920878712,0.00130317415991809,0,238,10160,7842,1740,1513
1134,"g-p",2535,0,0,0,0.000394477317554241,0.97396449704142,0.00118343195266272,0,0,13,2484,0,0,0,0.000402576489533011,0.867954911433172,0.00161030595813205,0.000402576489533011,0.000402576489533011,265,2530,7842,1740,1513
1134,"master",5355,0.000186741363211951,0,0,0.000186741363211951,0.000373482726423903,0.826517273576097,0.00597572362278245,0.000373482726423903,791,5290,0,0,0,0.00170132325141777,0.00359168241965974,0.603213610586011,0.0194706994328923,0,1477,5301,7842,1740,1513
1134,"Phd",3465,0,0,0,0,0,0.00519480519480519,0.931313131313131,0,83,3344,0,0,0,0,0.000299043062200957,0.0041866028708134,0.839712918660287,0,541,3468,7842,1740,1513
1134,"spcl",363,0.0330578512396694,0.00275482093663912,0,0,0,0.00550964187327824,0,0.443526170798898,106,269,0.0966542750929368,0.0223048327137546,0.0148698884758364,0,0,0.0223048327137546,0.00371747211895911,0.565055762081784,238,391,7842,1740,1513
1144,"1",9752,0.698933552091879,0.256972928630025,0.000307629204265792,0.000307629204265792,0,0,0,0,450,7272,0.222497249724973,0.707645764576458,0.00123762376237624,0.000275027502750275,0,0,0,0,8034,9696,7842,1720,1547
1144,"2",8753,0.000228493088084085,0.646635439277962,0.317262652804753,0,0,0,0,0,186,8353,0.000239434933556806,0.288399377469173,0.658565784747995,0.000957739734227224,0,0,0,0,1242,8801,7842,1720,1547
1144,"3",9730,0,0,0.676772867420349,0.291983556012333,0,0,0,0,148,9514,0.000105108261509355,0,0.364725667437461,0.614988438091234,0.000315324784528064,0,0,0,644,9629,7842,1720,1547
1144,"4",10160,0,0,9.84251968503937e-05,0.815255905511811,0,0.0031496062992126,0,0,220,11350,0,0,8.81057268722467e-05,0.410660792951542,0.00784140969162996,0.0558590308370044,0.00185022026431718,0,199,10727,7842,1720,1547
1144,"g-p",2530,0,0,0,0,0.98300395256917,0.00158102766798419,0,0,15,2502,0,0,0,0,0.852917665867306,0.00359712230215827,0.000399680255795364,0.000399680255795364,283,2532,7842,1720,1547
1144,"master",5301,0,0,0,0.000565930956423316,0,0.830409356725146,0.00396151669496321,0,860,5317,0.00018807598269701,0,0,0.00112845589618206,0.00413767161933421,0.637953733308257,0.0129772428060937,0,1488,5550,7842,1720,1547
1144,"Phd",3468,0,0,0,0,0,0.00403690888119954,0.925893886966551,0,72,3304,0,0,0,0,0.000302663438256659,0.0051452784503632,0.820520581113801,0,514,3318,7842,1720,1547
1144,"spcl",391,0.010230179028133,0.00255754475703325,0,0,0,0.0127877237851662,0,0.49616368286445,129,323,0.123839009287926,0.0123839009287926,0.0123839009287926,0,0,0.0309597523219814,0.00619195046439629,0.291021671826625,195,290,7842,1720,1547
1154,"1",9696,0.700185643564356,0.261654290429043,0.00113448844884488,0,0,0,0,0,547,7342,0.227867066194497,0.692181966766549,0.00177063470444021,0.000136202669572324,0,0,0,0,7971,9674,7929,1748,1570
1154,"2",8801,0.000454493807521872,0.63845017611635,0.326553800704465,0.000340870355641404,0,0,0,0,155,8312,0.000240615976900866,0.282483156881617,0.662536092396535,0.000962463907603465,0,0,0,0,1346,8780,7929,1748,1570
1154,"3",9629,0,0.000103852944230969,0.672759372728217,0.294942361615952,0,0,0,0,121,9484,0,0,0.377688738928722,0.601750316322227,0.000527203711514129,0,0,0,590,9699,7929,1748,1570
1154,"4",10727,0,0,0,0.804978092663373,0,0.0048475808707001,0,0,245,11727,0.000170546601858958,0,0.000341093203717916,0.405474545919673,0.00733350387993519,0.0503112475483926,0.00127909951394218,0,221,10698,7929,1748,1570
1154,"g-p",2532,0,0,0,0,0.977093206951027,0.00118483412322275,0.000789889415481833,0,24,2500,0,0,0,4e-04,0.8656,0.0012,8e-04,0,271,2543,7929,1748,1570
1154,"master",5550,0,0,0,0.000720720720720721,0.00036036036036036,0.836756756756757,0.00414414414414414,0,770,5489,0.000182182546912006,0,0,0.000910912734560029,0.00273273820368009,0.618691929313172,0.0154855164875205,0,1392,5404,7929,1748,1570
1154,"Phd",3318,0,0,0,0,0,0.0054249547920434,0.933092224231465,0,72,3193,0,0,0,0,0.000626370184779205,0.00595051675540244,0.83463827121829,0,539,3307,7929,1748,1570
1154,"spcl",290,0.00689655172413793,0,0,0,0,0.00689655172413793,0,0.372413793103448,117,225,0.111111111111111,0.0177777777777778,0.0133333333333333,0,0,0.0177777777777778,0.00444444444444444,0.195555555555556,195,239,7929,1748,1570
1164,"1",9674,0.688856729377713,0.269898697539797,0.000413479429398387,0.000103369857349597,0,0,0,0,468,7138,0.218128327262539,0.699075371252452,0.0014009526478005,0.000420285794340151,0,0,0,0,8152,9724,7911,1739,1568
1164,"2",8780,0.000569476082004556,0.634054669703872,0.329498861047836,0.000227790432801822,0,0,0,0,177,8355,0.000478755236385398,0.288928785158588,0.658049072411729,0.00179533213644524,0,0,0,0,1404,8814,7911,1739,1568
1164,"3",9699,0,0,0.672543561191875,0.301061965151046,0,0,0,0,158,9578,0,0,0.358216746711213,0.614324493631238,0,0,0,0,553,9502,7911,1739,1568
1164,"4",10698,0,0,0,0.798934380257992,0,0.00626285286969527,0.000373901663862404,0,231,11707,0,0,0.000427094900486888,0.397796190313488,0.00691893738788759,0.0484325617152131,0.00145212266165542,0,163,10730,7911,1739,1568
1164,"g-p",2543,0,0,0,0.00157294534014943,0.968541093197011,0.00196618167518679,0,0,7,2473,0,0,0,0.000404367165386171,0.843105539830166,0.00242620299231702,0.000808734330772341,0,275,2454,7911,1739,1568
1164,"master",5404,0,0,0,0.000370096225018505,0.000185048112509252,0.825314581791266,0.00240562546262028,0,768,5313,0,0,0.000188217579521927,0.00131752305665349,0.00188217579521927,0.611518915866742,0.0143045360436665,0,1371,5208,7911,1739,1568
1164,"Phd",3307,0,0,0,0,0.000604777744179014,0.00362866646507409,0.936800725733293,0,95,3210,0,0,0,0,0.000934579439252336,0.00342679127725857,0.830218068535826,0,601,3361,7911,1739,1568
1164,"spcl",239,0.00418410041841004,0,0,0,0,0.00418410041841004,0,0.338912133891213,117,198,0.0555555555555556,0.0303030303030303,0.0202020202020202,0,0,0.0202020202020202,0,0.186868686868687,189,226,7911,1739,1568
1174,"1",9724,,,,,,,,,,,,,,,,,,,,,8066,1838,1601
1174,"2",8814,,,,,,,,,,,,,,,,,,,,,8066,1838,1601
1174,"3",9502,,,,,,,,,,,,,,,,,,,,,8066,1838,1601
1174,"4",10730,,,,,,,,,,,,,,,,,,,,,8066,1838,1601
1174,"g-p",2454,,,,,,,,,,,,,,,,,,,,,8066,1838,1601
1174,"master",5208,,,,,,,,,,,,,,,,,,,,,8066,1838,1601
1174,"Phd",3361,,,,,,,,,,,,,,,,,,,,,8066,1838,1601
1174,"spcl",226,,,,,,,,,,,,,,,,,,,,,8066,1838,1601
1184,"1",,,,,,,,,,,,,,,,,,,,,,,,
1184,"2",,,,,,,,,,,,,,,,,,,,,,,,
1184,"3",,,,,,,,,,,,,,,,,,,,,,,,
1184,"4",,,,,,,,,,,,,,,,,,,,,,,,
1184,"g-p",,,,,,,,,,,,,,,,,,,,,,,,
1184,"master",,,,,,,,,,,,,,,,,,,,,,,,
1184,"Phd",,,,,,,,,,,,,,,,,,,,,,,,
1184,"spcl",,,,,,,,,,,,,,,,,,,,,,,,
1194,"1",,,,,,,,,,,,,,,,,,,,,,,,
1194,"2",,,,,,,,,,,,,,,,,,,,,,,,
1194,"3",,,,,,,,,,,,,,,,,,,,,,,,
1194,"4",,,,,,,,,,,,,,,,,,,,,,,,
1194,"g-p",,,,,,,,,,,,,,,,,,,,,,,,
1194,"master",,,,,,,,,,,,,,,,,,,,,,,,
1194,"Phd",,,,,,,,,,,,,,,,,,,,,,,,
1194,"spcl",,,,,,,,,,,,,,,,,,,,,,,,
1204,"1",,,,,,,,,,,,,,,,,,,,,,,,
1204,"2",,,,,,,,,,,,,,,,,,,,,,,,
1204,"3",,,,,,,,,,,,,,,,,,,,,,,,
1204,"4",,,,,,,,,,,,,,,,,,,,,,,,
1204,"g-p",,,,,,,,,,,,,,,,,,,,,,,,
1204,"master",,,,,,,,,,,,,,,,,,,,,,,,
1204,"Phd",,,,,,,,,,,,,,,,,,,,,,,,
1204,"spcl",,,,,,,,,,,,,,,,,,,,,,,,
1214,"1",,,,,,,,,,,,,,,,,,,,,,,,
1214,"2",,,,,,,,,,,,,,,,,,,,,,,,
1214,"3",,,,,,,,,,,,,,,,,,,,,,,,
1214,"4",,,,,,,,,,,,,,,,,,,,,,,,
1214,"g-p",,,,,,,,,,,,,,,,,,,,,,,,
1214,"master",,,,,,,,,,,,,,,,,,,,,,,,
1214,"Phd",,,,,,,,,,,,,,,,,,,,,,,,
1214,"spcl",,,,,,,,,,,,,,,,,,,,,,,,
1224,"1",,,,,,,,,,,,,,,,,,,,,,,,
1224,"2",,,,,,,,,,,,,,,,,,,,,,,,
1224,"3",,,,,,,,,,,,,,,,,,,,,,,,
1224,"4",,,,,,,,,,,,,,,,,,,,,,,,
1224,"g-p",,,,,,,,,,,,,,,,,,,,,,,,
1224,"master",,,,,,,,,,,,,,,,,,,,,,,,
1224,"Phd",,,,,,,,,,,,,,,,,,,,,,,,
1224,"spcl",,,,,,,,,,,,,,,,,,,,,,,,
1234,"1",,,,,,,,,,,,,,,,,,,,,,,,
1234,"2",,,,,,,,,,,,,,,,,,,,,,,,
1234,"3",,,,,,,,,,,,,,,,,,,,,,,,
1234,"4",,,,,,,,,,,,,,,,,,,,,,,,
1234,"g-p",,,,,,,,,,,,,,,,,,,,,,,,
1234,"master",,,,,,,,,,,,,,,,,,,,,,,,
1234,"Phd",,,,,,,,,,,,,,,,,,,,,,,,
1234,"spcl",,,,,,,,,,,,,,,,,,,,,,,,
1244,"1",,,,,,,,,,,,,,,,,,,,,,,,
1244,"2",,,,,,,,,,,,,,,,,,,,,,,,
1244,"3",,,,,,,,,,,,,,,,,,,,,,,,
1244,"4",,,,,,,,,,,,,,,,,,,,,,,,
1244,"g-p",,,,,,,,,,,,,,,,,,,,,,,,
1244,"master",,,,,,,,,,,,,,,,,,,,,,,,
1244,"Phd",,,,,,,,,,,,,,,,,,,,,,,,
1244,"spcl",,,,,,,,,,,,,,,,,,,,,,,,
1254,"1",,,,,,,,,,,,,,,,,,,,,,,,
1254,"2",,,,,,,,,,,,,,,,,,,,,,,,
1254,"3",,,,,,,,,,,,,,,,,,,,,,,,
1254,"4",,,,,,,,,,,,,,,,,,,,,,,,
1254,"g-p",,,,,,,,,,,,,,,,,,,,,,,,
1254,"master",,,,,,,,,,,,,,,,,,,,,,,,
1254,"Phd",,,,,,,,,,,,,,,,,,,,,,,,
1254,"spcl",,,,,,,,,,,,,,,,,,,,,,,,
1264,"1",,,,,,,,,,,,,,,,,,,,,,,,
1264,"2",,,,,,,,,,,,,,,,,,,,,,,,
1264,"3",,,,,,,,,,,,,,,,,,,,,,,,
1264,"4",,,,,,,,,,,,,,,,,,,,,,,,
1264,"g-p",,,,,,,,,,,,,,,,,,,,,,,,
1264,"master",,,,,,,,,,,,,,,,,,,,,,,,
1264,"Phd",,,,,,,,,,,,,,,,,,,,,,,,
1264,"spcl",,,,,,,,,,,,,,,,,,,,,,,,
1274,"1",,,,,,,,,,,,,,,,,,,,,,,,
1274,"2",,,,,,,,,,,,,,,,,,,,,,,,
1274,"3",,,,,,,,,,,,,,,,,,,,,,,,
1274,"4",,,,,,,,,,,,,,,,,,,,,,,,
1274,"g-p",,,,,,,,,,,,,,,,,,,,,,,,
1274,"master",,,,,,,,,,,,,,,,,,,,,,,,
1274,"Phd",,,,,,,,,,,,,,,,,,,,,,,,
1274,"spcl",,,,,,,,,,,,,,,,,,,,,,,,
